{
  "configRuleId": "config-rule-0123456",
  "version": "1.0",
  "configRuleName": "change-triggered-config-rule",
  "configRuleArn": "arn:aws:config:us-east-1:012345678912:config-rule/config-rule-0123456",
  "invokingEvent": "{\"configurationItem\":{\"configurationItemCaptureTime\":\"2016-10-06T16:46:16.261Z\",\"awsAccountId\":\"123456789012\",\"configurationItemStatus\":\"OK\",\"resourceId\":\"i-00000000\",\"resourceName\":\"foo\",\"configurationStateMd5Hash\":\"8f1ee69b297895a0f8bc5753eca68e96\",\"resourceCreationTime\":\"2016-10-06T16:46:10.489Z\",\"configurationStateId\":0,\"configurationItemVersion\":\"1.2\",\"ARN\":\"arn:aws:ec2:us-west-2:123456789012:instance/i-00000000\",\"awsRegion\":\"us-west-2\",\"availabilityZone\":\"us-west-2a\",\"resourceType\":\"AWS::EC2::Instance\",\"tags\":{\"<Foo>\":\"<Bar>\"},\"relationships\":[{\"resourceId\":\"eipalloc-00000000\",\"resourceType\":\"AWS::EC2::EIP\",\"name\":\"Is attached to ElasticIp\"}],\"configuration\":{\"<foo>\":\"<bar>\"}},\"messageType\":\"ConfigurationItemChangeNotification\"}",
  "resultToken": "myResultToken",
  "eventLeftScope": false,
  "ruleParameters": "{\"<myParameterKey>\":\"<myParameterValue>\"}",
  "executionRoleArn": "arn:aws:iam::012345678912:role/config-role",
  "accountId": "012345678912"
}